{
	"pages": [ //pages数组中第一项表示应用启动页，参考：https://uniapp.dcloud.io/collocation/pages
		{
			"path": "pages/index/index",
			"style": {
				"navigationBarBackgroundColor": "#ff5454",
				"navigationBarTextStyle": "white",
				"navigationBarTitleText": "首页",
				"enablePullDownRefresh": true
			}
		}, {
			"path": "pages/login/login",
			"style": {
				// #ifdef H5
				"navigationStyle": "custom",
				// #endif
				"navigationBarTitleText": "登录"
			}
		}, {
			"path": "pages/my/my",
			"style": {
				"navigationBarBackgroundColor": "#ff5454",
				"navigationBarTextStyle": "white",
				"navigationBarTitleText": "我的",
				"enablePullDownRefresh": true
			}
		},
		{
			"path": "pages/my/protocol",
			"style": {
				// #ifdef H5
				"navigationStyle": "default",
				// #endif
				"navigationBarTitleText": "优团客"
			}
		},
		{
			"path": "pages/goods/goods_detail",
			"style": {
				// #ifdef H5
				"navigationStyle": "default",
				// #endif
				"navigationBarTitleText": "详情"
			}
		}, {
			"path": "pages/goods/goods_pay",
			"style": {
				// #ifdef H5
				"navigationStyle": "default",
				// #endif
				"navigationBarTitleText": "支付"
			}
		}, {
			"path": "pages/my/cz",
			"style": {
				"navigationBarBackgroundColor": "#ff5454",
				"navigationBarTextStyle": "white",
				"navigationBarTitleText": "余额充值"
			}
		}, {
			"path": "pages/my/tx",
			"style": {
				"navigationBarBackgroundColor": "#ff5454",
				"navigationBarTextStyle": "white",
				"navigationBarTitleText": "提现"
			}
		}
	    ,{
            "path" : "pages/goods/goods_rich",
            "style" :                                                                                    
            {
                "navigationBarTitleText": "店铺详情"
            }
            
        }
    ],

	"subPackages": [{
			"root": "otherpages",
			"pages": [{
				"path": "webview/webview",
				"style": {
					// #ifdef H5
					"navigationStyle": "default",
					// #endif
					"navigationBarTitleText": "优团客"
				}
			}]
		},
		{
			"root": "page_my",
			"pages": [{
					"path": "myPromote",
					"style": {
						"navigationBarTitleText": "推广中心"
					}
				}, {
					"path": "promote",
					"style": {
						"navigationBarTitleText": "推广二维码"
					}
				}, {
					"path": "promoterList",
					"style": {
						"navigationBarTitleText": "推广统计"
					}
				},
				{
					"path": "myAddress",
					"style": {
						// #ifdef H5
						"navigationStyle": "default",
						// #endif
						"navigationBarTitleText": "我的地址"
					}
				},
				{
					"path": "addAddress",
					"style": {
						// #ifdef H5
						"navigationStyle": "default",
						// #endif
						"navigationBarTitleText": "新增地址"
					}
				},
				{
					"path": "myInformation",
					"style": {
						// #ifdef H5
						"navigationStyle": "default",
						// #endif
						"navigationBarTitleText": "基本信息"
					}
				},
				{
					"path": "txDetail",
					"style": {
						"navigationBarTitleText": "提现明细"
					}
				}, {
					"path": "myInvolved",
					"style": {
						"navigationBarTitleText": "我参与的"
					}

				}, {
					"path": "myOrder",
					"style": {
						"navigationBarTitleText": "我的订单"
					}
				}, {
					"path": "orderDetail",
					"style": {
						"navigationBarTitleText": "订单详情"
					}
				}, {
					"path": "userBillDetail",
					"style": {
						"navigationBarTitleText": "明细"
					}
				}, {
					"path": "blindBox",
					"style": {
						// #ifdef H5
						"navigationStyle": "default",
						// #endif
						"navigationBarBackgroundColor": "#ff5454",
						"navigationBarTextStyle": "white",
						"navigationBarTitleText": "盲盒抽奖"
					}
				}, {
					"path": "lotteryList",
					"style": {
						"navigationBarTitleText": "我的奖品"
					}
				}, {
					"path": "findPwd",
					"style": {
						// #ifdef H5
						"navigationStyle": "custom",
						// #endif
						"navigationBarTitleText": "找回密码"
					}
				}
			]
		}
	],
	"globalStyle": {
		"navigationBarTextStyle": "black",
		"navigationBarTitleText": "优团客",
		"navigationBarBackgroundColor": "#ffffff",
		"backgroundColor": "#F7f7f7",
		"backgroundColorTop": "#f7f7f7",
		"backgroundColorBottom": "#f7f7f7",
		"rpxCalcMaxDeviceWidth": 600,
		"maxWidth": 600
	},
	"tabBar": {
		// #ifdef H5
		"custom": true,
		// #endif
		"color": "#333",
		"selectedColor": "#ff5454",
		"backgroundColor": "#fff",
		"borderStyle": "white",
		"iconWidth": "20px",
		"list": [{
				"pagePath": "pages/index/index",
				"text": "首页",
				"iconPath": "static/imgs/tabbar/home.png",
				"selectedIconPath": "static/imgs/tabbar/home_selected.png"
			},
			{
				"pagePath": "pages/my/my",
				"text": "我的",
				"iconPath": "static/imgs/tabbar/my.png",
				"selectedIconPath": "static/imgs/tabbar/my_selected.png"
			}
		]
	}
}
